"週間 USEN HIT J-POPランキング","A","26"","最新／ヒット・ランキング／NEW DISC"
"週間 USEN HIT 洋楽ランキング","A","30"","最新／ヒット・ランキング／NEW DISC"
"週間 USEN HIT CLASSIC ROCKランキング","C","66"","最新／ヒット・ランキング／NEW DISC"
"週間 USEN HIT J-POP／洋楽ランキング","A","51"","最新／ヒット・ランキング／NEW DISC"
"週間 USEN HIT 演歌／歌謡曲ランキング","A","34"","最新／ヒット・ランキング／NEW DISC"
"週間 USEN HIT アニメ・ランキング","A","31"","最新／ヒット・ランキング／NEW DISC"
"週間 USEN HIT K-POPランキング","A","50"","最新／ヒット・ランキング／NEW DISC"
"週間 USEN HIT インディーズ・ランキング","A","25"","最新／ヒット・ランキング／NEW DISC"
"週間 オリコンランキング","A","29"","最新／ヒット・ランキング／NEW DISC"
"週間 レコチョクランキング","A","32"","最新／ヒット・ランキング／NEW DISC"
"週間 レコチョク 洋楽ランキング","C","63"","最新／ヒット・ランキング／NEW DISC"
"週間 Billboard 全米チャート","A","28"","最新／ヒット・ランキング／NEW DISC"
"週間 Billboard JAPANチャート","C","37"","最新／ヒット・ランキング／NEW DISC"
"週間 Billboard R＆B／HIP HOPチャート","C","64"","最新／ヒット・ランキング／NEW DISC"
"USENリクエスト J-POP HOT30 ","A","24"","最新／ヒット・ランキング／NEW DISC"
"USENリクエスト 演歌／歌謡曲 HOT20 ","A","27"","最新／ヒット・ランキング／NEW DISC"
"最新☆J-POP ","B","01"","最新／ヒット・ランキング／NEW DISC"
"最新☆洋楽","B","30"","最新／ヒット・ランキング／NEW DISC"
"最新☆J-POP＆洋楽","I","01"","最新／ヒット・ランキング／NEW DISC"
"最新☆インディーズ","C","27"","最新／ヒット・ランキング／NEW DISC"
"最新☆TV＆CINEMA ","A","52"","最新／ヒット・ランキング／NEW DISC"
"MUSIC＆TALK WAGON ～音バナ～ ","C","43"","最新／ヒット・ランキング／NEW DISC"
"NEW DISC J-POP ","A","33"","最新／ヒット・ランキング／NEW DISC"
"NEW DISC 洋楽","A","35"","最新／ヒット・ランキング／NEW DISC"
"NEW DISC ROCK ","C","48"","最新／ヒット・ランキング／NEW DISC"
"NEW DISC BLACK MUSIC ","C","49"","最新／ヒット・ランキング／NEW DISC"
"NEW DISC JAZZ ","C","50"","最新／ヒット・ランキング／NEW DISC"
"NEW DISC HEALING ","C","47"","最新／ヒット・ランキング／NEW DISC"
"エヴァーグリーン J-POP／洋楽","B","57"","アーティスト・セレクション"
"アーティスト特集 MONTHLY J-POP ","A","53"","アーティスト・セレクション"
"アーティスト特集 WEEKLY J-POP ","A","54"","アーティスト・セレクション"
"アーティスト特集 WEEKLY J-POP 2 ","B","65"","アーティスト・セレクション"
"アーティスト特集 MONTHLY 演歌／歌謡曲","C","62"","アーティスト・セレクション"
"アーティスト特集 MONTHLY 洋楽","A","55"","アーティスト・セレクション"
"アーティスト特集 WEEKLY 洋楽","A","56"","アーティスト・セレクション"
"美空ひばり","A","41"","アーティスト・セレクション"
"石原裕次郎","A","42"","アーティスト・セレクション"
"サザンオールスターズ","A","43"","アーティスト・セレクション"
"松任谷由実","A","44"","アーティスト・セレクション"
"矢沢永吉","D","64"","アーティスト・セレクション"
"EXILE TRIBE ","B","72"","アーティスト・セレクション"
"ザ・ビートルズ","B","23"","アーティスト・セレクション"
"エルヴィス・プレスリー","B","22"","アーティスト・セレクション"
"カーペンターズ","B","41"","アーティスト・セレクション"
"エリック・クラプトン","B","42"","アーティスト・セレクション"
"ボブ・ディラン","B","43"","アーティスト・セレクション"
"ザ・ローリング・ストーンズ","B","44"","アーティスト・セレクション"
"マイケル・ジャクソン","B","45"","アーティスト・セレクション"
"クラシック 作曲家","A","45"","アーティスト・セレクション"
"■ モーツァルト","B","40"","アーティスト・セレクション"
"■ ショパン","A","46"","アーティスト・セレクション"
"■ バッハ","A","47"","アーティスト・セレクション"
"■ ベートーヴェン","A","48"","アーティスト・セレクション"
"■ ブラームス","A","49"","アーティスト・セレクション"
"週間 USEN HIT J-POPランキング","A","26"","J-POP"
"週間 USEN HIT J-POP／洋楽ランキング","A","51"","J-POP"
"週間 USEN HIT K-POPランキング","A","50"","J-POP"
"週間 USEN HIT インディーズ・ランキング","A","25"","J-POP"
"週間 オリコンランキング","A","29"","J-POP"
"週間 レコチョクランキング","A","32"","J-POP"
"週間 Billboard JAPANチャート","C","37"","J-POP"
"USENリクエスト J-POP HOT30 ","A","24"","J-POP"
"MUSIC＆TALK WAGON ～音バナ～ ","C","43"","J-POP"
"最新☆J-POP ","B","01"","J-POP"
"最新☆J-POP＆洋楽","I","01"","J-POP"
"最新☆インディーズ","C","27"","J-POP"
"最新☆TV＆CINEMA ","A","52"","J-POP"
"J-POP 2010's Hits ","B","05"","J-POP"
"J-POP 2000's Hits ","B","34"","J-POP"
"J-POP 90's Hits ","B","13"","J-POP"
"J-POP 80's Hits ","B","12"","J-POP"
"J-POP 70's Hits ","B","11"","J-POP"
"ヤング☆ナツメロ","A","36"","J-POP"
"歌謡☆ヒットパレード","A","06"","J-POP"
"R30 Hits ","A","21"","J-POP"
"R40 Hits ","A","22"","J-POP"
"R50 Hits ","A","23"","J-POP"
"Happy Wedding Selection ","D","44"","J-POP"
"チャートタイムマシン J-POP ","D","47"","J-POP"
"J-POP ステーション","B","71"","J-POP"
"季節のJ-POPベスト・セレクション","C","01"","J-POP"
"J-R＆B ","B","56"","J-POP"
"J-HIP HOP ","B","54"","J-POP"
"J-ROCK ","B","02"","J-POP"
"ジャパニーズ・レゲエ","B","47"","J-POP"
"VISUAL ROCK ","D","58"","J-POP"
"アイドル","B","04"","J-POP"
"ボーカロイド・ミュージック","B","61"","J-POP"
"J-DANCE ","C","10"","J-POP"
"CLUB PARTY J-POP ","I","03"","J-POP"
"J-LOUNGE ","C","09"","J-POP"
"Kawaii J-POP ","I","04"","J-POP"
"ひだまり J-POP ","C","51"","J-POP"
"アコースティック J-POP ","I","05"","J-POP"
"ラヴバラード J-POP ","C","12"","J-POP"
"ラヴソング J-POP（ ミドル～アップ） ","C","28"","J-POP"
"ホットドライヴ J-POP ","C","14"","J-POP"
"GIRLS J-POP ","I","02"","J-POP"
"カヴァー・ソングス","C","40"","J-POP"
"大人のJ-POPカヴァー","B","63"","J-POP"
"Age Free Music ～大人の音楽～ ","B","55"","J-POP"
"J-A.O.R. ～ニューミュージック～ ","C","56"","J-POP"
"オキナワン・ポップス","I","38"","J-POP"
"音楽と人","B","46"","J-POP"
"サザンオールスターズ","A","43"","J-POP"
"松任谷由実","A","44"","J-POP"
"矢沢永吉","D","64"","J-POP"
"EXILE TRIBE ","B","72"","J-POP"
"エヴァーグリーン J-POP／洋楽","B","57"","J-POP"
"アーティスト特集 MONTHLY J-POP ","A","53"","J-POP"
"アーティスト特集 WEEKLY J-POP ","A","54"","J-POP"
"アーティスト特集 WEEKLY J-POP 2 ","B","65"","J-POP"
"NEW DISC J-POP ","A","33"","J-POP"
"週間 USEN HIT 演歌／歌謡曲ランキング","A","34"","演歌／歌謡曲"
"USENリクエスト 演歌／歌謡曲 HOT20 ","A","27"","演歌／歌謡曲"
"演歌","B","03"","演歌／歌謡曲"
"元気はつらつ歌謡曲","C","42"","演歌／歌謡曲"
"演歌名曲選","B","10"","演歌／歌謡曲"
"大漁☆演歌名曲選","B","53"","演歌／歌謡曲"
"歌謡曲 60's Hits ","F","09"","演歌／歌謡曲"
"J-POP 70's Hits ","B","11"","演歌／歌謡曲"
"ザ・ナツメロ","J","51"","演歌／歌謡曲"
"ヤング☆ナツメロ","A","36"","演歌／歌謡曲"
"歌謡☆ヒットパレード","A","06"","演歌／歌謡曲"
"R40 Hits ","A","22"","演歌／歌謡曲"
"R50 Hits ","A","23"","演歌／歌謡曲"
"回想の音楽集","J","61"","演歌／歌謡曲"
"昭和ちゃんねる","I","51"","演歌／歌謡曲"
"昭和の流行歌","I","50"","演歌／歌謡曲"
"軍歌／戦時歌謡","J","37"","演歌／歌謡曲"
"魅惑のムード歌謡","J","26"","演歌／歌謡曲"
"昭和の歌謡ポップス","B","09"","演歌／歌謡曲"
"ジャパニーズ・シャンソン","K","45"","演歌／歌謡曲"
"グループサウンズ","B","52"","演歌／歌謡曲"
"フォーク","C","46"","演歌／歌謡曲"
"J-A.O.R. ～ニューミュージック～ ","C","56"","演歌／歌謡曲"
"Age Free Music ～大人の音楽～ ","B","55"","演歌／歌謡曲"
"大人のJ-POPカヴァー","B","63"","演歌／歌謡曲"
"美空ひばり","A","41"","演歌／歌謡曲"
"石原裕次郎","A","42"","演歌／歌謡曲"
"エヴァーグリーン J-POP／洋楽","B","57"","演歌／歌謡曲"
"アーティスト特集 MONTHLY 演歌／歌謡曲","C","62"","演歌／歌謡曲"
"週間 USEN HIT 洋楽ランキング","A","30"","POPS／ROCK"
"週間 USEN HIT CLASSIC ROCKランキング","C","66"","POPS／ROCK"
"週間 USEN HIT J-POP／洋楽ランキング","A","51"","POPS／ROCK"
"週間 レコチョク 洋楽ランキング","C","63"","POPS／ROCK"
"週間 Billboard 全米チャート","A","28"","POPS／ROCK"
"最新☆洋楽","B","30"","POPS／ROCK"
"最新☆J-POP＆洋楽","I","01"","POPS／ROCK"
"洋楽 2010's Hits ","B","06"","POPS／ROCK"
"洋楽 2000's Hits ","B","35"","POPS／ROCK"
"洋楽 90's Hits ","B","28"","POPS／ROCK"
"洋楽 80's Hits ","B","27"","POPS／ROCK"
"洋楽 70's Hits ","B","26"","POPS／ROCK"
"洋楽 60's Hits ","F","22"","POPS／ROCK"
"洋楽☆ヒットパレード","A","07"","POPS／ROCK"
"R30 Hits ","A","21"","POPS／ROCK"
"R40 Hits ","A","22"","POPS／ROCK"
"R50 Hits ","A","23"","POPS／ROCK"
"ヤング☆ナツメロ","A","36"","POPS／ROCK"
"チャートタイムマシン 洋楽","D","48"","POPS／ROCK"
"懐かしのディスコ☆ヒッツ","C","55"","POPS／ROCK"
"ROCK＆SOUL名曲選","B","24"","POPS／ROCK"
"ロック＆ポップス・ステーション","A","39"","POPS／ROCK"
"ROCK ","B","20"","POPS／ROCK"
"ROCK CLASSICS ","B","19"","POPS／ROCK"
"POP PUNK ","B","21"","POPS／ROCK"
"PUNK CLASSICS ","B","62"","POPS／ROCK"
"HEAVY METAL SOUNDHOUSE（ 伊藤政則） ","B","58"","POPS／ROCK"
"EDM ","B","25"","POPS／ROCK"
"EDM POP Style ","C","39"","POPS／ROCK"
"GIRLS POP ","C","02"","POPS／ROCK"
"A.O.R.（ 中田利樹） ","B","51"","POPS／ROCK"
"SOFT ROCK ","C","03"","POPS／ROCK"
"オールディーズ","A","18"","POPS／ROCK"
"オールディーズ・バラード","J","16"","POPS／ROCK"
"S盤アワー","I","53"","POPS／ROCK"
"UK ROCK Styling ","I","55"","POPS／ROCK"
"北欧ポップス","I","29"","POPS／ROCK"
"Colorful Pop Styling ","C","06"","POPS／ROCK"
"■ Colorful Pop Styling（Instrumental） ","I","23"","POPS／ROCK"
"Swingin' Pops ","I","30"","POPS／ROCK"
"Happy Wedding Selection ","D","44"","POPS／ROCK"
"Happy Birthday！ ","J","39"","POPS／ROCK"
"Organic SSW ～Slow Life Music～ ","C","08"","POPS／ROCK"
"ネオ・サーフ・ミュージック","I","18"","POPS／ROCK"
"CONTEMPORARY VOCAL ","B","14"","POPS／ROCK"
"ラヴバラード 洋楽","C","11"","POPS／ROCK"
"ホットドライヴ 洋楽","C","13"","POPS／ROCK"
"モーニングタイム 洋楽","I","13"","POPS／ROCK"
"ランチタイム 洋楽","I","14"","POPS／ROCK"
"ディナータイム 洋楽","I","15"","POPS／ROCK"
"バータイム 洋楽","I","16"","POPS／ROCK"
"サウンドトラック","D","49"","POPS／ROCK"
"rockin'on channel ","D","41"","POPS／ROCK"
"LONDON NITE（ 大貫憲章） ","C","57"","POPS／ROCK"
"KSSK FM（ POP Hits Hawaii） ","C","70"","POPS／ROCK"
"ザ・ビートルズ","B","23"","POPS／ROCK"
"エルヴィス・プレスリー","B","22"","POPS／ROCK"
"カーペンターズ","B","41"","POPS／ROCK"
"エリック・クラプトン","B","42"","POPS／ROCK"
"ボブ・ディラン","B","43"","POPS／ROCK"
"ザ・ローリング・ストーンズ","B","44"","POPS／ROCK"
"マイケル・ジャクソン","B","45"","POPS／ROCK"
"エヴァーグリーン J-POP／洋楽","B","57"","POPS／ROCK"
"アーティスト特集 MONTHLY 洋楽","A","55"","POPS／ROCK"
"アーティスト特集 WEEKLY 洋楽","A","56"","POPS／ROCK"
"Billboard Live TOKYO ","B","69"","POPS／ROCK"
"NEW DISC 洋楽","A","35"","POPS／ROCK"
"NEW DISC ROCK ","C","48"","POPS／ROCK"
"ブラックミュージック・ステーション","A","40"","BLACK MUSIC"
"HIP HOP＋R＆B（ Manhattan Records） ","C","44"","BLACK MUSIC"
"R＆B ","B","15"","BLACK MUSIC"
"R＆B CLASSICS ","B","07"","BLACK MUSIC"
"HIP HOP ","B","16"","BLACK MUSIC"
"HIP HOP CLASSICS ","B","08"","BLACK MUSIC"
"JAZZ HIP HOP ","I","33"","BLACK MUSIC"
"usen for Free Soul ","C","61"","BLACK MUSIC"
"Organic Soul ","C","07"","BLACK MUSIC"
"ソウル","B","17"","BLACK MUSIC"
"ROCK＆SOUL名曲選","B","24"","BLACK MUSIC"
"ブルース","B","18"","BLACK MUSIC"
"ファンク","D","45"","BLACK MUSIC"
"レゲエ","B","29"","BLACK MUSIC"
"ハワイアン・レゲエ","I","59"","BLACK MUSIC"
"LOVERS ROCK ","I","32"","BLACK MUSIC"
"ダンスホールレゲエ（ROCKER'S ISLAND） ","C","53"","BLACK MUSIC"
"SOCA ～HOT BEACH～ ","D","42"","BLACK MUSIC"
"ディナータイム 洋楽","I","15"","BLACK MUSIC"
"バータイム 洋楽","I","16"","BLACK MUSIC"
"HOT 97 FM（ HIP HOP ＆ R＆B N.Y.） ","C","69"","BLACK MUSIC"
"週間 Billboard R＆B／HIP HOPチャート","C","64"","BLACK MUSIC"
"週間 Billboard 全米チャート","A","28"","BLACK MUSIC"
"週間 USEN HIT 洋楽ランキング","A","30"","BLACK MUSIC"
"週間 USEN HIT J-POP／洋楽ランキング","A","51"","BLACK MUSIC"
"週間 レコチョク 洋楽ランキング","C","63"","BLACK MUSIC"
"最新☆洋楽","B","30"","BLACK MUSIC"
"洋楽 2010's Hits ","B","06"","BLACK MUSIC"
"洋楽 2000's Hits ","B","35"","BLACK MUSIC"
"洋楽 90's Hits ","B","28"","BLACK MUSIC"
"洋楽 80's Hits ","B","27"","BLACK MUSIC"
"洋楽 70's Hits ","B","26"","BLACK MUSIC"
"洋楽 60's Hits ","F","22"","BLACK MUSIC"
"洋楽☆ヒットパレード","A","07"","BLACK MUSIC"
"R30 Hits ","A","21"","BLACK MUSIC"
"R40 Hits ","A","22"","BLACK MUSIC"
"R50 Hits ","A","23"","BLACK MUSIC"
"マイケル・ジャクソン","B","45"","BLACK MUSIC"
"エヴァーグリーン J-POP／洋楽","B","57"","BLACK MUSIC"
"アーティスト特集 MONTHLY 洋楽","A","55"","BLACK MUSIC"
"アーティスト特集 WEEKLY 洋楽","A","56"","BLACK MUSIC"
"Billboard Live TOKYO ","B","69"","BLACK MUSIC"
"NEW DISC 洋楽","A","35"","BLACK MUSIC"
"NEW DISC BLACK MUSIC ","C","49"","BLACK MUSIC"
"HOUSE MUSIC（ 125bpm） ","D","04"","CLUB／DANCE MUSIC"
"HOUSE CLASSICS ","D","61"","CLUB／DANCE MUSIC"
"DEEP HOUSE ","I","11"","CLUB／DANCE MUSIC"
"HOUSE NATION ","C","04"","CLUB／DANCE MUSIC"
"CLUB PARTY J-POP ","I","03"","CLUB／DANCE MUSIC"
"LOUNGE MUSIC ","D","05"","CLUB／DANCE MUSIC"
"■LOUNGE MUSIC（ Instrumental） ","I","34"","CLUB／DANCE MUSIC"
"リラクセーション LOUNGE ","I","19"","CLUB／DANCE MUSIC"
"チルアウト・ミュージック","D","54"","CLUB／DANCE MUSIC"
"TECHNO ","C","41"","CLUB／DANCE MUSIC"
"TRANCE ～CLUB MIX～ ","C","16"","CLUB／DANCE MUSIC"
"■TRANCE（ Instrumental） ","D","08"","CLUB／DANCE MUSIC"
"EDM ","B","25"","CLUB／DANCE MUSIC"
"EDM POP Style ","C","39"","CLUB／DANCE MUSIC"
"懐かしのディスコ☆ヒッツ","C","55"","CLUB／DANCE MUSIC"
"スーパー・ユーロビート","C","15"","CLUB／DANCE MUSIC"
"ハイパーディスコミックス","C","58"","CLUB／DANCE MUSIC"
"J-DANCE ","C","10"","CLUB／DANCE MUSIC"
"ダンスホールレゲエ（ROCKER'S ISLAND） ","C","53"","CLUB／DANCE MUSIC"
"LONDON NITE（ 大貫憲章） ","C","57"","CLUB／DANCE MUSIC"
"Bonjour Records ","I","39"","CLUB／DANCE MUSIC"
"usen for Free Soul ","C","61"","CLUB／DANCE MUSIC"
"沖野修也 presents Music in The Room ","I","12"","CLUB／DANCE MUSIC"
"CLUB JAZZ ","I","35"","CLUB／DANCE MUSIC"
"Electro Swing ","I","31"","CLUB／DANCE MUSIC"
"JAZZ HIP HOP ","I","33"","CLUB／DANCE MUSIC"
"usen for Café Après-midi ","D","03"","CAFÉ／LOUNGE etc."
"usen for Free Soul ","C","61"","CAFÉ／LOUNGE etc."
"Afternoon Tea Music ","D","06"","CAFÉ／LOUNGE etc."
"IDÉE Records ","I","36"","CAFÉ／LOUNGE etc."
"コーヒー・ジャズ","B","59"","CAFÉ／LOUNGE etc."
"salon jazz ","C","05"","CAFÉ／LOUNGE etc."
"■ salon jazz（ Instrumental） ","C","18"","CAFÉ／LOUNGE etc."
"■ salon classic（ Instrumental） ","B","38"","CAFÉ／LOUNGE etc."
"スロウ・ボサノヴァ ～シエスタ～ ","C","17"","CAFÉ／LOUNGE etc."
"ボサノヴァ","D","30"","CAFÉ／LOUNGE etc."
"■ ボサノヴァBGM ","I","08"","CAFÉ／LOUNGE etc."
"イージーリスニング CAFÉ ","I","24"","CAFÉ／LOUNGE etc."
"TRANSIT records ","D","43"","CAFÉ／LOUNGE etc."
"LOUNGE MUSIC ","D","05"","CAFÉ／LOUNGE etc."
"■LOUNGE MUSIC（ Instrumental） ","I","34"","CAFÉ／LOUNGE etc."
"リラクセーション LOUNGE ","I","19"","CAFÉ／LOUNGE etc."
"■ ラウンジBGM ","I","25"","CAFÉ／LOUNGE etc."
"チルアウト・ミュージック","D","54"","CAFÉ／LOUNGE etc."
"CAFÉ ELECTRONICA ","I","37"","CAFÉ／LOUNGE etc."
"Bonjour Records ","I","39"","CAFÉ／LOUNGE etc."
"沖野修也 presents Music in The Room ","I","12"","CAFÉ／LOUNGE etc."
"CLUB JAZZ ","I","35"","CAFÉ／LOUNGE etc."
"JAZZ HIP HOP ","I","33"","CAFÉ／LOUNGE etc."
"HOUSE MUSIC（ 125bpm） ","D","04"","CAFÉ／LOUNGE etc."
"HOUSE CLASSICS ","D","61"","CAFÉ／LOUNGE etc."
"DEEP HOUSE ","I","11"","CAFÉ／LOUNGE etc."
"HOUSE NATION ","C","04"","CAFÉ／LOUNGE etc."
"EDM ","B","25"","CAFÉ／LOUNGE etc."
"EDM POP Style ","C","39"","CAFÉ／LOUNGE etc."
"UK ROCK Styling ","I","55"","CAFÉ／LOUNGE etc."
"GIRLS POP ","C","02"","CAFÉ／LOUNGE etc."
"SOFT ROCK ","C","03"","CAFÉ／LOUNGE etc."
"ひだまり J-POP ","C","51"","CAFÉ／LOUNGE etc."
"Colorful Pop Styling ","C","06"","CAFÉ／LOUNGE etc."
"■ Colorful Pop Styling（Instrumental） ","I","23"","CAFÉ／LOUNGE etc."
"CONTEMPORARY VOCAL ","B","14"","CAFÉ／LOUNGE etc."
"モーニングタイム 洋楽","I","13"","CAFÉ／LOUNGE etc."
"ランチタイム 洋楽","I","14"","CAFÉ／LOUNGE etc."
"ディナータイム 洋楽","I","15"","CAFÉ／LOUNGE etc."
"バータイム 洋楽","I","16"","CAFÉ／LOUNGE etc."
"Organic Soul ","C","07"","CAFÉ／LOUNGE etc."
"Organic SSW ～Slow Life Music～ ","C","08"","CAFÉ／LOUNGE etc."
"ネオ・サーフ・ミュージック","I","18"","CAFÉ／LOUNGE etc."
"LOVERS ROCK ","I","32"","CAFÉ／LOUNGE etc."
"ハワイアン・レゲエ","I","59"","CAFÉ／LOUNGE etc."
"POP PARIS ","C","52"","CAFÉ／LOUNGE etc."
"Swingin' Pops ","I","30"","CAFÉ／LOUNGE etc."
"Electro Swing ","I","31"","CAFÉ／LOUNGE etc."
"北欧ポップス","I","29"","CAFÉ／LOUNGE etc."
"とっておきのリラックス・タイム","D","59"","CAFÉ／LOUNGE etc."
"リゾート・ミュージック ～楽園音楽～ ","J","21"","CAFÉ／LOUNGE etc."
"アジアン・カフェ","J","47"","CAFÉ／LOUNGE etc."
"■ ジャズ・ステーション","A","37"","JAZZ／FUSION"
"ジャズ・スタンダード","A","13"","JAZZ／FUSION"
"■ モダン・ジャズ","B","31"","JAZZ／FUSION"
"■ モダン・ジャズ・ピアノ","D","18"","JAZZ／FUSION"
"■ ライト・ジャズ","I","07"","JAZZ／FUSION"
"ジャズ・ヴォーカル（ スロー～ミドル） ","B","32"","JAZZ／FUSION"
"ジャズ・ヴォーカル（ ミドル～アップ） ","B","36"","JAZZ／FUSION"
"コーヒー・ジャズ","B","59"","JAZZ／FUSION"
"salon jazz ","C","05"","JAZZ／FUSION"
"■ salon jazz（ Instrumental） ","C","18"","JAZZ／FUSION"
"■JAZZ（ diskunion） ","C","25"","JAZZ／FUSION"
"■ ピアノ・トリオ","B","37"","JAZZ／FUSION"
"■ スロー・ジャズ","H","11"","JAZZ／FUSION"
"■ 美食空間向けジャズ","A","09"","JAZZ／FUSION"
"■ J-POP JAZZ COVERS ","I","21"","JAZZ／FUSION"
"■ POPULAR JAZZ COVERS ","I","22"","JAZZ／FUSION"
"■ 和風ジャズ","B","64"","JAZZ／FUSION"
"ジャズ喫茶いーぐる（ 後藤雅洋） ","D","51"","JAZZ／FUSION"
"■ ディキシーランド・ジャズ","D","19"","JAZZ／FUSION"
"■ スウィング・ジャズ","H","10"","JAZZ／FUSION"
"CLUB JAZZ ","I","35"","JAZZ／FUSION"
"JAZZ HIP HOP ","I","33"","JAZZ／FUSION"
"■ スムース・ジャズ","B","33"","JAZZ／FUSION"
"■ バラード・フュージョン","D","12"","JAZZ／FUSION"
"■ ライト・フュージョン","D","11"","JAZZ／FUSION"
"■ パワー・フュージョン","D","10"","JAZZ／FUSION"
"NEW DISC JAZZ ","C","50"","JAZZ／FUSION"
"■ やさしいクラシック","A","12"","CLASSIC"
"■ ライト・クラシック","I","06"","CLASSIC"
"■ ヒーリング・クラシック","A","08"","CLASSIC"
"■ クラシック・ピアノ","H","15"","CLASSIC"
"■ salon classic（ Instrumental） ","B","38"","CLASSIC"
"■モーニング・クラシック（ 小鳥の声入） ","C","24"","CLASSIC"
"■ シンフォニー／コンチェルト","B","49"","CLASSIC"
"■ 室内楽／器楽曲","B","50"","CLASSIC"
"■ バロック","B","39"","CLASSIC"
"オペラ／声楽曲","B","60"","CLASSIC"
"クラシック 作曲家","A","45"","CLASSIC"
"■ モーツァルト","B","40"","CLASSIC"
"■ ショパン","A","46"","CLASSIC"
"■ バッハ","A","47"","CLASSIC"
"■ ベートーヴェン","A","48"","CLASSIC"
"■ ブラームス","A","49"","CLASSIC"
"世紀の名演 クラシック","B","66"","CLASSIC"
"こどもと聴くクラシック","B","67"","CLASSIC"
"讃美歌","J","41"","CLASSIC"
"■ セレモニー・クラシック","D","20"","CLASSIC"
"■ チャペル向けパイプ・オルガン","D","52"","CLASSIC"
"イタリアン空間向けクラシック","D","46"","CLASSIC"
"■ 金融機関向けクラシック","J","32"","CLASSIC"
"■ クリニック向けClassic Compilation ","C","23"","CLASSIC"
"■ ファンシー・オルゴール・クラシック ","I","28"","CLASSIC"
"■ マタニティ・クラシック","J","23"","CLASSIC"
"■ カジュアル・クラシック","H","16"","CLASSIC"
"■ 吹奏楽","J","42"","CLASSIC"
"ヒーリング・ベスト・セレクション","C","38"","HEALING"
"■ ヒーリングミュージック ～癒し音楽～ ","C","19"","HEALING"
"■ 癒し空間BGM ～α波の誘い～ ","J","24"","HEALING"
"■ ミュージック・セラピー ～心の癒し～ ","C","20"","HEALING"
"ヒーリング・ヴォイス","D","53"","HEALING"
"■ ヒーリング・クラシック","A","08"","HEALING"
"■ PACIFIC MOON ","D","55"","HEALING"
"■ 和風ヒーリング","H","18"","HEALING"
"■ バリ・ヒーリング ～神々の島の癒し～ ","J","17"","HEALING"
"葉加瀬太郎 Selection ～Sweet Melodies～ ","C","45"","HEALING"
"■ S.E.N.S. ～透明な音楽～ ","D","62"","HEALING"
"■ Signature music therapy MIKIKO HAYANO ","D","63"","HEALING"
"おうちスパ！ ","D","60"","HEALING"
"■ ヨーガBGM ","D","25"","HEALING"
"■ Piano Compilation ","J","10"","HEALING"
"■ Guitar Compilation ","I","20"","HEALING"
"■ ファンシー・オルゴール","H","19"","HEALING"
"■ ファンシー・オルゴール for KIDS ","J","22"","HEALING"
"■ ファンシー・オルゴール・クラシック ","I","28"","HEALING"
"■ ペット用ヒーリングBGM ","J","25"","HEALING"
"■ イルカ・クジラ ～海からの癒し～ ","D","57"","HEALING"
"■モーニングBGM（ 小鳥の声入） ","C","21"","HEALING"
"■モーニング・クラシック（ 小鳥の声入） ","C","24"","HEALING"
"■シーサイドBGM（ 波の音入） ","H","27"","HEALING"
"波･浜辺","C","22"","HEALING"
"森林浴","D","56"","HEALING"
"小鳥の声","E","16"","HEALING"
"虫の音色","J","52"","HEALING"
"日本の清流","D","65"","HEALING"
"サウンドオブジェ","I","60"","HEALING"
"NEW DISC HEALING ","C","47"","HEALING"
"週間 USEN HIT K-POPランキング","A","50"","WORLD MUSIC"
"K-POP ","D","40"","WORLD MUSIC"
"韓国演歌・歌謡","H","40"","WORLD MUSIC"
"韓国民謡","K","40"","WORLD MUSIC"
"■ 韓国BGM ","H","24"","WORLD MUSIC"
"中国ポップス","D","38"","WORLD MUSIC"
"香港ポップス","D","39"","WORLD MUSIC"
"中国民族音楽","H","38"","WORLD MUSIC"
"■中国楽器演奏（ スロー） ","H","39"","WORLD MUSIC"
"■中国楽器演奏（ ミドル～アップ） ","I","41"","WORLD MUSIC"
"■ チャイニーズBGM ","D","24"","WORLD MUSIC"
"台湾歌謡曲","K","16"","WORLD MUSIC"
"アジアン・カフェ","J","47"","WORLD MUSIC"
"フィリピン・ポップス","D","34"","WORLD MUSIC"
"■ ベトナムBGM ","J","55"","WORLD MUSIC"
"タイ・ポップス","D","33"","WORLD MUSIC"
"■ タイBGM ","D","32"","WORLD MUSIC"
"インドネシアン・ポップス","J","46"","WORLD MUSIC"
"■ バリ・ヒーリング ～神々の島の癒し～ ","J","17"","WORLD MUSIC"
"■ ガムラン","J","44"","WORLD MUSIC"
"インド・ポップス","D","31"","WORLD MUSIC"
"■ インド楽器演奏","H","31"","WORLD MUSIC"
"ネパール・ポップス","H","20"","WORLD MUSIC"
"トルコ・ポップス","J","27"","WORLD MUSIC"
"■アラビックBGM（ ベリーダンス） ","H","32"","WORLD MUSIC"
"アフリカン・ポップス","J","43"","WORLD MUSIC"
"サルサ","D","36"","WORLD MUSIC"
"SOCA ～HOT BEACH～ ","D","42"","WORLD MUSIC"
"■ ラテンBGM ","D","26"","WORLD MUSIC"
"ボサノヴァ","D","30"","WORLD MUSIC"
"サンバ","H","30"","WORLD MUSIC"
"ブラジリアン・ポップス","H","28"","WORLD MUSIC"
"タンゴ","K","46"","WORLD MUSIC"
"メキシコ","H","34"","WORLD MUSIC"
"ビアポルカ","K","41"","WORLD MUSIC"
"ヨーデル","J","54"","WORLD MUSIC"
"フラメンコ","H","33"","WORLD MUSIC"
"スパニッシュ・ポップス","H","35"","WORLD MUSIC"
"フレンチ・ポップス","D","29"","WORLD MUSIC"
"POP PARIS ","C","52"","WORLD MUSIC"
"シャンソン","H","29"","WORLD MUSIC"
"■ フレンチBGM ","H","25"","WORLD MUSIC"
"イタリアン・ポップス","D","35"","WORLD MUSIC"
"カンツォーネ","H","36"","WORLD MUSIC"
"ケルティック","J","45"","WORLD MUSIC"
"北欧ポップス","I","29"","WORLD MUSIC"
"コンテンポラリー・カントリー","D","28"","WORLD MUSIC"
"カントリー＆ウェスタン","H","37"","WORLD MUSIC"
"ブルーグラス","K","47"","WORLD MUSIC"
"ハワイアン","D","37"","WORLD MUSIC"
"■ ハワイアンBGM ","K","27"","WORLD MUSIC"
"ハワイアン・レゲエ","I","59"","WORLD MUSIC"
"リゾート・ミュージック ～楽園音楽～ ","J","21"","WORLD MUSIC"
"■ イージーリスニング・ステーション","A","38"","イージーリスニング／インストゥルメンタル etc."
"■ くつろぎのイージーリスニング","A","10"","イージーリスニング／インストゥルメンタル etc."
"■ 魅惑のイージーリスニング","D","50"","イージーリスニング／インストゥルメンタル etc."
"■ スクリーン・ミュージック","H","26"","イージーリスニング／インストゥルメンタル etc."
"■ ハートフル・ストリングス","H","09"","イージーリスニング／インストゥルメンタル etc."
"■ ストリングス・オーケストラ","H","12"","イージーリスニング／インストゥルメンタル etc."
"■ カジュアル・クラシック","H","16"","イージーリスニング／インストゥルメンタル etc."
"■ イージーリスニング・アコースティック","H","07"","イージーリスニング／インストゥルメンタル etc."
"■ イージーリスニング・カジュアル","H","08"","イージーリスニング／インストゥルメンタル etc."
"■ イージーリスニング J-POP ","I","10"","イージーリスニング／インストゥルメンタル etc."
"イージーリスニング CAFÉ ","I","24"","イージーリスニング／インストゥルメンタル etc."
"■ J-POPボサノヴァBGM ","I","09"","イージーリスニング／インストゥルメンタル etc."
"■ ボサノヴァBGM ","I","08"","イージーリスニング／インストゥルメンタル etc."
"■ 彩食BGM ","H","17"","イージーリスニング／インストゥルメンタル etc."
"■ ラウンジBGM ","I","25"","イージーリスニング／インストゥルメンタル etc."
"■ フレンチBGM ","H","25"","イージーリスニング／インストゥルメンタル etc."
"■ リゾートBGM ","D","27"","イージーリスニング／インストゥルメンタル etc."
"■ ライト・クラシック","I","06"","イージーリスニング／インストゥルメンタル etc."
"■ ライト・ジャズ","I","07"","イージーリスニング／インストゥルメンタル etc."
"■ J-POP JAZZ COVERS ","I","21"","イージーリスニング／インストゥルメンタル etc."
"■ POPULAR JAZZ COVERS ","I","22"","イージーリスニング／インストゥルメンタル etc."
"シックエレガント・ミュージック","B","68"","イージーリスニング／インストゥルメンタル etc."
"■ 憩いのひとときセレクション","B","70"","イージーリスニング／インストゥルメンタル etc."
"■ アコースティックアンサンブル J-POP ","J","14"","イージーリスニング／インストゥルメンタル etc."
"■ アコースティックアンサンブル 童謡","J","12"","イージーリスニング／インストゥルメンタル etc."
"■ ピアノアンサンブル J-POP ","J","13"","イージーリスニング／インストゥルメンタル etc."
"■ ピアノBGM ","I","26"","イージーリスニング／インストゥルメンタル etc."
"■ピアノBGM（ 童謡） ","J","11"","イージーリスニング／インストゥルメンタル etc."
"■ Piano Compilation ","J","10"","イージーリスニング／インストゥルメンタル etc."
"■ Guitar Compilation ","I","20"","イージーリスニング／インストゥルメンタル etc."
"■ ハープBGM ","I","27"","イージーリスニング／インストゥルメンタル etc."
"■ ファンシー・オルゴール","H","19"","イージーリスニング／インストゥルメンタル etc."
"■ ファンシー・オルゴール for KIDS ","J","22"","イージーリスニング／インストゥルメンタル etc."
"■ ファンシー・オルゴール・クラシック ","I","28"","イージーリスニング／インストゥルメンタル etc."
"■モーニングBGM（ 小鳥の声入） ","C","21"","イージーリスニング／インストゥルメンタル etc."
"■モーニング・クラシック（ 小鳥の声入） ","C","24"","イージーリスニング／インストゥルメンタル etc."
"■シーサイドBGM（ 波の音入） ","H","27"","イージーリスニング／インストゥルメンタル etc."
"■ ラテンBGM ","D","26"","イージーリスニング／インストゥルメンタル etc."
"■ マーチBGM ","D","23"","イージーリスニング／インストゥルメンタル etc."
"■ USEN Hits インスト","A","11"","イージーリスニング／インストゥルメンタル etc."
"■J-POPインスト（ アップ） ","D","14"","イージーリスニング／インストゥルメンタル etc."
"■J-POPインスト（ ミドル） ","H","14"","イージーリスニング／インストゥルメンタル etc."
"■ カラオケ J-POP ","I","56"","イージーリスニング／インストゥルメンタル etc."
"■ カラオケ 演歌","I","57"","イージーリスニング／インストゥルメンタル etc."
"■ 演歌名曲選インスト","D","17"","イージーリスニング／インストゥルメンタル etc."
"■洋楽インスト（ ミドル＆アップ） ","D","15"","イージーリスニング／インストゥルメンタル etc."
"■洋楽インスト（ スロー） ","D","16"","イージーリスニング／インストゥルメンタル etc."
"■ ワークミュージック","D","13"","イージーリスニング／インストゥルメンタル etc."
"■ ポップミュージック","H","13"","イージーリスニング／インストゥルメンタル etc."
"■ ダンスビート","D","07"","イージーリスニング／インストゥルメンタル etc."
"■ ファンキービート","D","09"","イージーリスニング／インストゥルメンタル etc."
"■ キッズパーク・インスト","J","08"","イージーリスニング／インストゥルメンタル etc."
"■オフィスBGM（ powered by KOKUYO） ","C","65"","イージーリスニング／インストゥルメンタル etc."
"■ お琴の調べ","A","14"","和風／民謡各地／日本の伝統芸能"
"■お琴BGM（ 筝曲） ","A","20"","和風／民謡各地／日本の伝統芸能"
"■お琴BGM（ 筝曲せせらぎ入） ","H","23"","和風／民謡各地／日本の伝統芸能"
"■お琴BGM（ 童謡・唱歌） ","H","22"","和風／民謡各地／日本の伝統芸能"
"■お琴BGM（ ヒット歌謡曲） ","H","21"","和風／民謡各地／日本の伝統芸能"
"■ 和楽器BGM ～みやび～ ","C","67"","和風／民謡各地／日本の伝統芸能"
"■ 和楽器BGM ～にぎわい～ ","C","60"","和風／民謡各地／日本の伝統芸能"
"■三味線BGM（ ミドル～アップ） ","J","38"","和風／民謡各地／日本の伝統芸能"
"■ 和風ジャズ","B","64"","和風／民謡各地／日本の伝統芸能"
"■ 和風オーケストラ","B","48"","和風／民謡各地／日本の伝統芸能"
"■ 和風ヒーリング","H","18"","和風／民謡各地／日本の伝統芸能"
"特選！全国民謡","A","17"","和風／民謡各地／日本の伝統芸能"
"津軽民謡","J","19"","和風／民謡各地／日本の伝統芸能"
"奄美民謡","K","44"","和風／民謡各地／日本の伝統芸能"
"琉球民謡（ スロー） ","J","20"","和風／民謡各地／日本の伝統芸能"
"琉球民謡（ ミドル～アップ） ","K","36"","和風／民謡各地／日本の伝統芸能"
"ハナハナ島唄","A","19"","和風／民謡各地／日本の伝統芸能"
"■ 沖縄風三線BGM ","K","35"","和風／民謡各地／日本の伝統芸能"
"■ 雅楽","K","48"","和風／民謡各地／日本の伝統芸能"
"浪曲","J","48"","和風／民謡各地／日本の伝統芸能"
"小唄／端唄","J","15"","和風／民謡各地／日本の伝統芸能"
"相撲甚句","J","18"","和風／民謡各地／日本の伝統芸能"
"■ 日本の太鼓","J","49"","和風／民謡各地／日本の伝統芸能"
"■ 祭囃子","K","19"","和風／民謡各地／日本の伝統芸能"
"お祭りわっしょい！ ","K","20"","和風／民謡各地／日本の伝統芸能"
"■ 和風BGM ～戦国風～ ","K","26"","和風／民謡各地／日本の伝統芸能"
"落語","J","58"","和風／民謡各地／日本の伝統芸能"
"漫才","J","59"","和風／民謡各地／日本の伝統芸能"
"講談","J","60"","和風／民謡各地／日本の伝統芸能"
"■ 浪漫倶楽部 ～懐かしの軽音楽～ ","I","54"","和風／民謡各地／日本の伝統芸能"
"どんぐりの森のメロディ","J","07"","ファミリー／キッズ／マタニティ"
"みんなのうた","J","50"","ファミリー／キッズ／マタニティ"
"みんなだいすき♪キッズ・ソング","J","03"","ファミリー／キッズ／マタニティ"
"最新☆ティーンズ・ポップス","J","04"","ファミリー／キッズ／マタニティ"
"HAPPY♪KIDDY SONGS ","J","09"","ファミリー／キッズ／マタニティ"
"おとぎの国の音楽","J","05"","ファミリー／キッズ／マタニティ"
"■ ファンシー・オルゴール","H","19"","ファミリー／キッズ／マタニティ"
"■ ファンシー・オルゴール for KIDS ","J","22"","ファミリー／キッズ／マタニティ"
"■ ファンシー・オルゴール・クラシック ","I","28"","ファミリー／キッズ／マタニティ"
"■ マタニティ・クラシック","J","23"","ファミリー／キッズ／マタニティ"
"こどもと聴くクラシック","B","67"","ファミリー／キッズ／マタニティ"
"■ おやすみ赤ちゃん","J","01"","ファミリー／キッズ／マタニティ"
"うたってあそぼ♪ ","J","02"","ファミリー／キッズ／マタニティ"
"童謡","J","06"","ファミリー／キッズ／マタニティ"
"唱歌","K","42"","ファミリー／キッズ／マタニティ"
"■ 吹奏楽","J","42"","ファミリー／キッズ／マタニティ"
"日本･世界の童話","J","57"","ファミリー／キッズ／マタニティ"
"懐かしのアニメ・ソング","K","50"","ファミリー／キッズ／マタニティ"
"■ ペット用ヒーリングBGM ","J","25"","ファミリー／キッズ／マタニティ"
"バースデイソング","J","40"","ファミリー／キッズ／マタニティ"
"■バースデイソング（ Piano Solo ver.） ","K","34"","ファミリー／キッズ／マタニティ"
"NHK 基礎英語 1・2・3 ","I","44"","語学／カルチャー"
"NHK ラジオ英会話","I","45"","語学／カルチャー"
"NHK 入門ビジネス英語","I","46"","語学／カルチャー"
"NHK 実践ビジネス英語","I","47"","語学／カルチャー"
"NHK まいにち中国語","I","48"","語学／カルチャー"
"NHK まいにちハングル講座","I","49"","語学／カルチャー"
"ミュージカル","I","52"","語学／カルチャー"
"ジャパニーズ・シャンソン","K","45"","語学／カルチャー"
"■ 社交ダンス","I","58"","語学／カルチャー"
"タンゴ","K","46"","語学／カルチャー"
"フラメンコ","H","33"","語学／カルチャー"
"サルサ","D","36"","語学／カルチャー"
"ハワイアン","D","37"","語学／カルチャー"
"■アラビックBGM（ ベリーダンス） ","H","32"","語学／カルチャー"
"■ ヨーガBGM ","D","25"","語学／カルチャー"
"ラジオ体操第1 ","J","36"","語学／カルチャー"
"ラジオ体操第2 ","I","42"","語学／カルチャー"
"スポーツ＆フィットネス 洋楽","I","17"","語学／カルチャー"
"MUSIC＆TALK WAGON ～音バナ～ ","C","43"","アニメ／バラエティ etc."
"USEN MONTHLY SPECIAL ","A","57"","アニメ／バラエティ etc."
"週間 USEN HIT アニメ・ランキング","A","31"","アニメ／バラエティ etc."
"リクエスト・アニメ","C","68"","アニメ／バラエティ etc."
"a-FAN FAN／100％金月真美","C","26"","アニメ／バラエティ etc."
"BUSHI.ST ","C","59"","アニメ／バラエティ etc."
"アニソン","C","54"","アニメ／バラエティ etc."
"ボーカロイド・ミュージック","B","61"","アニメ／バラエティ etc."
"サウンドトラック","D","49"","アニメ／バラエティ etc."
"ミュージカル","I","52"","アニメ／バラエティ etc."
"懐かしのアニメ・ソング","K","50"","アニメ／バラエティ etc."
"元気はつらつ歌謡曲","C","42"","アニメ／バラエティ etc."
"昭和ちゃんねる","I","51"","アニメ／バラエティ etc."
"■ カラオケ J-POP ","I","56"","アニメ／バラエティ etc."
"■ カラオケ 演歌","I","57"","アニメ／バラエティ etc."
"ABSカラオケ伝言板放送","K","49"","アニメ／バラエティ etc."
"耳で読む文芸／ミステリー","I","43"","アニメ／バラエティ etc."
"JBS日本福祉放送","K","08"","アニメ／バラエティ etc."
"般若心経","I","61"","アニメ／バラエティ etc."
"アリバイ","J","56"","アニメ／バラエティ etc."
"天気予報","K","04"","アニメ／バラエティ etc."
"羊の数","J","53"","アニメ／バラエティ etc."
"A to K チャンネルガイド","K","51"","アニメ／バラエティ etc."
"J-WAVE（ 東京） ","C","31"","国内ラジオ／ワールド・ラジオ"
"FM802（ 大阪） ","C","34"","国内ラジオ／ワールド・ラジオ"
"NORTH WAVE（ 札幌） ","C","30"","国内ラジオ／ワールド・ラジオ"
"FMヨコハマ（ 横浜） ","C","32"","国内ラジオ／ワールド・ラジオ"
"ZIP-FM（ 名古屋） ","C","33"","国内ラジオ／ワールド・ラジオ"
"cross fm（ 福岡） ","C","35"","国内ラジオ／ワールド・ラジオ"
"FM COCOLO（ 大阪） ","C","29"","国内ラジオ／ワールド・ラジオ"
"YES・fm（ 大阪） ","G","40"","国内ラジオ／ワールド・ラジオ"
"ラジオNIKKEI第1 ","C","36"","国内ラジオ／ワールド・ラジオ"
"ラジオNIKKEI第2 ","G","36"","国内ラジオ／ワールド・ラジオ"
"HOT 97 FM（ HIP HOP ＆ R＆B N.Y.） ","C","69"","国内ラジオ／ワールド・ラジオ"
"KSSK FM（ POP Hits Hawaii） ","C","70"","国内ラジオ／ワールド・ラジオ"
"VOA（ アメリカ） ","E","18"","国内ラジオ／ワールド・ラジオ"
"BBC（ イギリス） ","E","17"","国内ラジオ／ワールド・ラジオ"
"RFI（ フランス） ","E","19"","国内ラジオ／ワールド・ラジオ"
"季節音楽（ 童謡etc.） ","A","15"","季節音楽／ショッパーズ・ツール"
"■季節音楽（ イージーリスニング） ","D","01"","季節音楽／ショッパーズ・ツール"
"■季節音楽（ 童謡インスト） ","H","01"","季節音楽／ショッパーズ・ツール"
"■季節音楽（ オルゴール） ","D","02"","季節音楽／ショッパーズ・ツール"
"■季節音楽（ J-POPインスト） ","H","02"","季節音楽／ショッパーズ・ツール"
"季節／催事用 1 ","K","06"","季節音楽／ショッパーズ・ツール"
"季節／催事用 2 ","K","09"","季節音楽／ショッパーズ・ツール"
"季節／催事用 3 ","K","10"","季節音楽／ショッパーズ・ツール"
"季節／催事用 4 ","K","11"","季節音楽／ショッパーズ・ツール"
"季節／催事用 5 ","K","12"","季節音楽／ショッパーズ・ツール"
"季節／催事用 6 ","K","13"","季節音楽／ショッパーズ・ツール"
"季節／催事用 7 ","K","14"","季節音楽／ショッパーズ・ツール"
"季節のJ-POPベスト・セレクション","C","01"","季節音楽／ショッパーズ・ツール"
"小鳥の声／別れのワルツ","A","16"","季節音楽／ショッパーズ・ツール"
"小鳥の声","E","16"","季節音楽／ショッパーズ・ツール"
"■ 別れのワルツ","J","35"","季節音楽／ショッパーズ・ツール"
"■ 家路","I","40"","季節音楽／ショッパーズ・ツール"
"バースデイソング","J","40"","季節音楽／ショッパーズ・ツール"
"■バースデイソング（ Piano Solo ver.） ","K","34"","季節音楽／ショッパーズ・ツール"
"Happy Birthday！ ","J","39"","季節音楽／ショッパーズ・ツール"
"■ ウェディングマーチ","K","15"","季節音楽／ショッパーズ・ツール"
"Happy Wedding Selection ","D","44"","季節音楽／ショッパーズ・ツール"
"■ 軍艦マーチ","D","22"","季節音楽／ショッパーズ・ツール"
"ロッキーのテーマ","K","17"","季節音楽／ショッパーズ・ツール"
"スポーツ＆フィットネス 洋楽","I","17"","季節音楽／ショッパーズ・ツール"
"モーニングタイム 洋楽","I","13"","季節音楽／ショッパーズ・ツール"
"ランチタイム 洋楽","I","14"","季節音楽／ショッパーズ・ツール"
"ディナータイム 洋楽","I","15"","季節音楽／ショッパーズ・ツール"
"バータイム 洋楽","I","16"","季節音楽／ショッパーズ・ツール"
"■ 美食空間向けジャズ","A","09"","季節音楽／ショッパーズ・ツール"
"イタリアン空間向けクラシック","D","46"","季節音楽／ショッパーズ・ツール"
"■ クリニック向けClassic Compilation ","C","23"","季節音楽／ショッパーズ・ツール"
"■ 金融機関向けクラシック","J","32"","季節音楽／ショッパーズ・ツール"
"ATM向けBGM（ 防犯コメント入） ","J","33"","季節音楽／ショッパーズ・ツール"
"■ チャペル向けパイプ・オルガン","D","52"","季節音楽／ショッパーズ・ツール"
"パチンコ店向けBGM ","D","21"","季節音楽／ショッパーズ・ツール"
"■ キッズパーク・インスト","J","08"","季節音楽／ショッパーズ・ツール"
"■オフィスBGM（ powered by KOKUYO） ","C","65"","季節音楽／ショッパーズ・ツール"
"回想の音楽集","J","61"","季節音楽／ショッパーズ・ツール"
"ザ・ナツメロ","J","51"","季節音楽／ショッパーズ・ツール"
"■ 憩いのひとときセレクション","B","70"","季節音楽／ショッパーズ・ツール"
"シックエレガント・ミュージック","B","68"","季節音楽／ショッパーズ・ツール"
"プロ野球応援ソング 1 ","K","52"","季節音楽／ショッパーズ・ツール"
"プロ野球応援ソング 2 ","K","53"","季節音楽／ショッパーズ・ツール"
"プロ野球応援ソング 3 ","K","54"","季節音楽／ショッパーズ・ツール"
"プロ野球応援ソング 4 ","K","55"","季節音楽／ショッパーズ・ツール"
"プロ野球応援ソング 5 ","K","56"","季節音楽／ショッパーズ・ツール"
"プロ野球応援ソング 6 ","K","57"","季節音楽／ショッパーズ・ツール"
"プロ野球応援ソング 7 ","K","58"","季節音楽／ショッパーズ・ツール"
"プロ野球応援ソング 8 ","K","59"","季節音楽／ショッパーズ・ツール"
"プロ野球応援ソング 9 ","K","60"","季節音楽／ショッパーズ・ツール"
"プロ野球応援ソング 10 ","K","61"","季節音楽／ショッパーズ・ツール"
"プロ野球応援ソング 11 ","K","62"","季節音楽／ショッパーズ・ツール"
"プロ野球応援ソング 12 ","K","63"","季節音楽／ショッパーズ・ツール"
"店内コメント（ 開店案内） ","K","21"","季節音楽／ショッパーズ・ツール"
"店内コメント（ 来店案内） ","J","29"","季節音楽／ショッパーズ・ツール"
"店内コメント（ 休店案内） ","K","22"","季節音楽／ショッパーズ・ツール"
"店内コメント（ 閉店案内） ","J","30"","季節音楽／ショッパーズ・ツール"
"客の呼び込みコメント","J","28"","季節音楽／ショッパーズ・ツール"
"お知らせコメント（ 防犯） ","K","23"","季節音楽／ショッパーズ・ツール"
"お知らせコメント（ 酒・たばこ） ","J","31"","季節音楽／ショッパーズ・ツール"
"エスカレーター案内コメント（ 晴） ","K","24"","季節音楽／ショッパーズ・ツール"
"エスカレーター案内コメント（ 雨） ","K","25"","季節音楽／ショッパーズ・ツール"
"駐車場コメント","K","18"","季節音楽／ショッパーズ・ツール"
"電話保留コメント","J","34"","季節音楽／ショッパーズ・ツール"
"ラジオ体操第1 ","J","36"","季節音楽／ショッパーズ・ツール"
"ラジオ体操第2 ","I","42"","季節音楽／ショッパーズ・ツール"
"時間のお知らせ","K","01"","季節音楽／ショッパーズ・ツール"
"（システム無音） ","K","38"","季節音楽／ショッパーズ・ツール"
"USEN MONTHLY SPECIAL ","A","57"","特集／特別番組"
"MUSIC＆TALK WAGON ～音バナ～ ","C","43"","特集／特別番組"
"こころ音プロジェクト","K","43"","特集／特別番組"
"臨時特集 1 ","K","02"","特集／特別番組"
"臨時特集 2 ","K","03"","特集／特別番組"
"臨時特集 3 ","K","28"","特集／特別番組"
"臨時特集 4 ","K","29"","特集／特別番組"
"臨時特集 5 ","K","31"","特集／特別番組"
"臨時特集 6 ","K","32"","特集／特別番組"
"臨時特集 7 ","K","33"","特集／特別番組"
"A to K チャンネルガイド","K","51"","特集／特別番組"
